{"ABCDE": 34.982132185238584, "Apples": 46.03070456128589, "BetterTechnology": 51.58567508191219, "BetterTomorrow": 0.17424685498485915, "CPU-XYZ": 2.8457037724815932, "Electronics123": 44.55633686155165, "EnviroLike": -14.17929682811925, "Fuel4": 7.292006246485083, "Lasers": 16.776841713644917, "MarsProject": 0.4459367034122299, "Moneymakers": -12.788311758787868, "PearPear": -1.6388260125474348, "Photons": 43.1453466876805, "PositiveCorrelation": 19.605510187676227, "RoboticsX": -42.725274991719466, "SafeAndCare": 44.36487215954848, "SpaceNow": -0.05034531404737293, "SuperFuture": -12.814997165796733, "WaterForce": 87.85459266375665, "WorldNow": -53.1950415182672}